pixel0000,pixel0001,pixel0002,pixel0003,pixel0004,pixel0005,pixel0006,pixel0007,pixel0008,pixel0009,pixel0010,pixel0011,pixel0012,pixel0013,pixel0014,pixel0015,pixel0016,pixel0017,pixel0018,pixel0019,Skin
190,112,165,181,190,186,178,162,106,148,177,198,203,179,173,169,148,165,194,174,0
191,11,91,131,141,145,135,93,8,52,129,152,170,157,145,129,56,88,148,164,1
192,9,81,108,89,70,80,57,6,46,118,129,115,106,84,87,37,82,136,154,1
193,136,137,97,78,85,89,112,86,147,150,108,82,86,87,112,106,156,148,109,1
194,136,164,185,175,166,178,153,122,153,182,179,106,118,176,162,146,159,184,136,1
195,162,170,177,178,169,165,142,114,165,174,173,152,130,139,140,122,170,179,144,1
196,127,139,152,154,155,153,131,114,137,156,168,167,168,162,137,122,142,158,158,1
197,102,144,169,181,191,177,158,101,123,163,187,201,207,176,160,140,136,176,204,1
198,155,165,172,171,170,164,163,155,154,156,160,173,168,146,146,155,153,145,134,0
199,12,127,180,181,182,174,130,21,74,175,185,167,133,160,166,87,127,185,182,1
200,153,200,206,194,174,188,191,150,188,208,196,143,90,106,179,180,194,209,175,1
201,58,141,154,159,160,151,126,40,118,163,148,123,138,127,149,102,144,157,139,1
202,87,142,149,178,172,163,128,83,126,158,171,150,164,180,151,110,132,165,183,0
203,131,149,154,180,161,170,158,117,142,166,182,138,150,175,169,143,147,167,185,1
204,12,102,145,155,156,148,109,17,62,142,160,174,174,162,139,70,103,155,173,0
205,131,155,164,169,170,159,143,120,147,165,156,146,175,158,151,135,151,160,141,1
206,158,174,169,174,185,167,156,144,166,171,148,138,173,166,159,153,165,165,136,0
207,191,200,188,195,197,191,199,190,197,156,117,125,179,200,200,195,176,119,98,1
208,151,168,180,184,179,174,167,156,161,177,182,166,174,171,176,165,169,184,142,0
209,137,155,166,175,158,162,158,135,120,116,135,143,129,119,147,150,99,101,134,1
210,173,164,132,146,178,211,197,186,157,138,151,167,171,220,221,196,171,140,123,1
211,146,147,155,171,182,172,167,167,145,153,152,159,178,174,166,162,152,160,145,1
212,176,184,165,165,178,182,178,170,167,172,154,119,120,165,176,170,162,155,98,1
213,204,212,197,173,155,181,189,187,209,204,144,96,100,119,182,196,219,197,137,1
214,215,208,211,200,191,193,185,185,212,206,180,141,151,180,186,178,208,206,138,1
215,221,229,234,242,230,217,208,201,224,212,183,172,195,219,216,209,229,178,104,0
216,211,201,191,194,205,218,222,213,203,161,122,111,149,188,215,216,185,111,94,1
217,224,218,202,188,196,206,207,218,228,208,160,106,131,197,208,223,223,196,94,1
218,223,221,207,166,157,204,229,235,226,219,162,93,68,121,220,235,223,208,115,1
219,132,140,168,169,174,171,162,155,143,159,173,140,133,145,162,161,141,163,167,0
220,136,146,158,173,170,161,149,147,146,148,153,167,161,163,156,150,151,159,174,0
221,78,121,138,154,157,151,126,86,102,124,152,168,174,156,145,109,111,135,160,0
222,12,79,118,132,137,132,95,17,50,104,116,142,152,149,132,68,87,122,142,0
223,109,125,143,145,160,162,154,141,130,146,155,143,156,173,169,154,147,159,158,0
224,153,191,200,192,213,205,181,150,175,199,136,111,178,197,196,166,189,157,80,0
225,197,218,188,173,231,232,212,187,209,190,106,111,161,176,208,197,207,123,98,1
226,6,97,148,159,155,145,104,12,52,145,165,155,176,164,134,62,96,163,127,0
227,152,173,169,177,170,165,164,148,140,170,148,148,168,176,180,163,144,139,129,0
228,18,89,109,119,126,126,113,65,67,131,159,164,167,158,143,116,111,153,138,0
229,181,177,183,150,91,132,166,163,180,184,158,84,39,120,175,160,175,174,102,0
230,186,190,192,191,195,178,165,172,188,197,201,183,139,176,181,174,194,200,197,0
231,155,161,164,141,129,158,148,143,154,159,163,103,59,143,160,150,167,170,165,0
232,113,137,146,149,139,139,136,121,126,146,156,154,154,149,135,126,139,151,163,0
233,120,140,148,148,142,137,114,50,139,152,159,125,135,140,123,87,148,161,158,0
234,135,154,164,128,146,158,142,131,150,169,163,107,118,145,150,142,151,170,155,0
235,149,156,172,164,160,162,154,145,170,165,135,147,157,166,158,155,177,163,73,0
236,142,130,146,179,137,92,116,146,153,127,150,182,132,101,135,142,158,141,148,0
237,137,145,135,120,119,125,117,111,134,141,114,90,95,128,138,127,147,145,78,0
238,131,125,84,69,82,73,103,130,154,96,67,99,91,84,70,96,135,74,91,0
239,105,127,144,150,146,144,145,124,131,146,163,147,136,144,149,141,163,167,161,0
240,124,155,182,174,176,156,162,151,139,175,181,163,160,123,129,162,154,177,146,0
241,113,152,182,178,174,172,161,138,136,173,190,175,169,133,151,160,149,182,158,0
242,159,158,158,155,114,105,145,158,141,152,134,99,73,77,101,148,137,144,107,0
243,168,174,182,184,182,188,191,187,168,168,152,132,115,130,175,181,164,150,104,1
244,114,148,167,176,177,170,157,133,139,162,178,187,191,187,174,157,150,165,167,0
245,126,144,152,150,154,164,147,127,131,153,150,141,161,168,156,145,142,153,139,1
246,158,155,158,163,160,151,141,140,159,157,156,150,150,145,148,144,157,158,163,1
247,150,156,162,169,162,149,140,142,152,163,168,166,161,151,144,144,153,167,170,1
248,146,146,144,156,154,143,135,132,144,149,143,128,128,126,136,137,147,151,151,0
249,131,135,127,134,147,123,103,124,143,147,146,134,139,141,124,113,165,169,154,0
250,174,175,161,160,164,175,159,147,187,192,183,132,122,143,158,163,212,197,123,0
251,130,141,129,91,119,138,120,121,138,144,87,46,99,110,116,104,136,120,45,0
252,146,163,161,147,138,153,147,142,163,162,157,148,136,138,152,154,161,148,145,1
253,151,164,147,117,152,155,138,152,157,166,96,73,125,136,128,144,158,135,61,1
254,202,228,230,226,230,216,205,202,214,235,233,214,176,127,212,208,218,242,220,0
255,216,233,229,226,228,212,212,208,223,237,233,207,171,100,204,217,225,245,207,1
256,207,208,164,125,142,195,204,202,210,169,68,50,66,119,187,203,197,102,52,1
257,174,187,190,192,192,182,177,167,178,191,147,107,158,184,180,173,176,161,54,0
258,200,202,219,221,219,222,222,225,204,200,203,181,182,189,212,218,211,195,143,0
259,208,211,220,216,204,230,229,226,207,197,180,156,163,202,184,225,199,154,104,1
260,215,218,213,185,180,208,219,214,219,217,190,130,63,138,211,215,222,212,154,1
261,188,202,210,213,209,206,205,193,189,201,208,205,205,209,211,200,197,204,205,1
262,202,209,207,210,210,207,211,204,203,209,208,192,199,214,212,210,200,211,192,1
263,228,233,238,236,227,225,227,225,232,237,230,200,161,180,194,217,235,218,159,0
264,177,194,203,206,204,203,199,177,186,201,211,214,212,210,205,190,191,206,197,1
265,149,144,144,140,143,147,143,141,149,140,136,114,82,97,139,140,148,143,85,1
266,154,156,153,151,160,158,153,138,164,170,160,155,162,162,157,147,166,172,159,0
267,173,170,158,159,169,171,164,160,168,158,157,146,145,164,165,156,167,155,141,0
268,176,186,180,186,163,144,178,180,176,151,164,185,151,126,153,176,153,109,155,0
269,217,226,228,219,205,185,185,178,223,195,166,180,148,123,164,170,228,148,101,0
270,194,210,191,182,188,155,184,200,200,209,199,155,134,64,122,192,195,206,157,0
271,158,171,177,185,192,194,184,176,163,178,176,186,197,198,192,183,167,176,179,1
272,181,181,180,181,184,183,179,176,175,180,182,185,184,180,180,181,175,174,186,1
273,194,182,169,174,171,170,165,162,183,175,152,148,156,166,163,161,179,162,120,1
274,95,123,142,141,141,133,118,110,111,126,151,150,147,149,135,123,119,138,151,1
275,197,195,193,195,191,190,190,194,195,194,194,165,157,183,187,192,193,196,183,1
276,165,174,192,195,189,186,167,149,166,177,195,198,200,191,183,163,169,182,195,0
277,192,189,187,189,184,180,182,187,184,186,188,168,155,174,178,184,183,187,184,0
278,173,178,177,167,159,181,180,145,174,185,181,145,97,146,179,163,177,181,169,1
279,173,177,178,167,159,181,179,142,175,184,181,145,97,148,178,159,174,178,169,1
280,176,121,124,125,152,142,121,144,143,108,140,151,136,111,97,112,124,140,158,0
281,106,111,144,162,156,160,144,115,119,128,112,152,177,173,162,131,134,144,132,0
282,187,192,199,195,193,190,187,185,190,190,190,154,140,163,185,185,193,194,149,1
283,197,200,199,205,208,208,210,206,202,200,198,186,193,212,213,205,205,206,182,0
284,192,202,209,213,218,214,211,201,200,207,211,215,221,216,212,205,207,211,211,1
285,181,194,202,206,205,206,200,190,187,201,208,212,213,211,204,195,191,205,209,0
286,143,149,144,151,150,149,155,156,136,146,144,159,154,155,164,165,136,147,155,1
287,126,148,140,120,112,167,154,139,135,135,122,118,85,132,155,130,134,115,110,1
288,181,181,190,191,182,170,152,140,172,183,189,179,183,178,149,143,174,174,152,0
289,167,169,153,173,177,180,170,143,184,146,75,156,159,168,177,145,178,146,109,0
290,164,171,173,168,175,169,160,143,169,170,165,164,177,166,159,143,176,174,167,0
291,112,120,137,144,150,145,122,111,132,134,121,119,146,150,145,124,138,144,116,1
292,159,175,175,177,184,197,192,177,167,178,170,148,164,194,189,177,161,175,150,1
293,124,136,144,140,129,140,124,102,133,141,147,141,133,143,127,115,141,144,146,1
294,206,206,209,210,191,184,171,170,205,206,171,153,144,148,176,166,206,207,142,1
295,172,183,171,167,160,189,196,193,166,152,129,148,84,129,201,196,163,166,136,1
296,151,152,164,165,162,158,163,168,152,155,151,143,145,150,169,170,160,151,131,0
297,175,178,179,179,173,174,186,187,171,177,166,163,145,109,138,184,169,151,147,1
298,145,175,186,189,190,182,167,157,145,184,190,169,163,160,161,161,164,181,170,1
299,125,172,190,207,191,163,183,166,148,189,211,223,203,192,192,169,185,208,195,0
300,150,154,164,183,177,172,160,142,157,158,176,180,181,182,169,155,159,159,188,0
301,147,166,174,174,175,164,154,144,154,174,178,180,184,176,162,151,156,177,181,1
302,162,181,190,190,191,182,182,163,158,176,184,179,190,183,187,167,160,164,149,0
303,120,146,159,166,167,163,142,123,138,147,170,176,176,172,160,130,150,165,180,0
304,205,210,204,209,214,220,226,212,205,219,216,224,222,215,199,197,194,153,97,1
305,222,228,234,222,227,229,221,223,226,221,196,151,152,158,163,231,182,98,88,1
306,160,170,184,179,187,187,175,176,165,177,177,156,142,173,179,170,180,176,143,1
307,182,169,163,162,156,165,161,162,171,178,147,139,154,165,163,158,177,188,126,1
308,93,178,173,174,173,184,152,22,159,177,165,162,156,169,180,88,169,173,166,0
309,195,196,182,183,185,183,181,179,194,186,158,147,156,167,180,178,189,179,133,1
310,215,215,209,205,200,193,192,186,211,214,201,178,185,190,192,185,206,210,169,1
311,111,142,165,172,171,139,133,128,138,157,149,158,154,121,134,139,149,149,111,1
312,184,199,193,174,179,179,184,180,194,181,138,130,149,140,139,168,188,154,136,0
313,159,160,179,194,191,186,165,151,153,173,175,192,190,192,184,157,157,170,169,0
314,156,167,173,173,174,183,176,155,172,188,174,158,179,195,190,174,181,193,180,1
315,128,141,151,169,169,159,155,128,139,151,159,164,171,172,163,138,150,163,152,1
316,145,171,168,170,184,176,180,153,144,173,185,163,160,185,192,167,148,173,183,0
317,121,150,173,169,174,170,142,132,121,158,179,168,180,182,162,148,140,155,172,0
318,113,127,157,160,156,156,147,143,130,145,151,152,170,164,160,140,128,152,171,1
319,165,193,177,163,175,152,165,173,181,190,150,138,149,108,131,173,164,131,131,1
320,141,154,164,172,169,178,167,145,148,176,172,155,161,180,176,156,158,162,153,1
321,169,200,148,100,140,193,198,180,168,188,97,78,54,123,203,200,189,156,56,1
322,150,150,130,151,173,175,184,139,156,150,140,145,183,178,180,181,165,155,165,0
323,188,155,105,105,75,73,142,166,176,103,84,99,92,45,60,132,139,82,111,0
324,110,240,232,200,200,217,235,179,194,218,147,155,170,150,170,215,210,142,104,1
325,134,153,158,167,168,150,130,114,130,149,146,158,151,137,138,125,116,131,138,0
326,168,183,197,205,214,198,178,161,175,178,153,119,181,192,166,177,179,112,118,1
327,166,185,197,202,196,193,191,173,178,194,202,211,217,213,198,173,180,203,176,1
328,158,171,163,172,210,183,183,195,150,120,116,126,149,109,122,180,147,114,92,1
329,149,153,155,152,167,175,174,155,155,167,177,178,178,180,177,166,154,179,191,1
330,221,219,213,192,171,173,200,120,214,184,163,132,121,129,183,185,197,168,147,1
331,186,187,188,183,189,177,167,131,191,188,188,194,176,161,178,158,183,180,98,1
332,150,154,165,173,172,160,150,141,153,165,170,172,170,156,157,148,157,163,163,1
333,147,154,152,157,143,146,137,112,153,156,159,161,157,144,139,119,153,154,129,0
334,153,177,182,180,159,148,126,122,166,166,150,137,100,103,115,150,166,109,86,0
335,135,146,159,151,154,152,144,135,142,150,155,147,156,157,151,142,143,154,141,1
336,187,195,194,190,170,170,153,150,186,195,206,187,180,152,144,142,190,191,148,1
337,170,176,184,187,176,174,152,140,174,180,184,185,174,170,167,162,177,180,187,0
338,130,145,141,156,158,131,97,93,125,139,146,173,154,123,112,105,139,149,151,0
339,130,193,188,156,153,170,176,141,188,174,159,140,154,175,169,163,201,131,119,0
340,165,184,178,164,163,166,165,126,179,182,159,144,146,155,155,147,184,168,138,0
341,169,174,174,182,189,176,164,159,168,179,179,173,180,182,178,167,178,186,180,1
342,172,176,187,163,167,168,151,142,180,171,180,180,178,167,168,141,184,187,175,0
343,191,190,186,194,196,196,194,185,193,191,189,187,190,194,190,194,197,192,189,1
344,143,164,178,197,192,178,179,153,142,163,184,184,201,202,181,144,135,150,143,1
345,140,141,135,148,154,159,154,150,140,148,142,149,160,158,149,149,143,148,151,1
346,183,196,216,182,153,196,194,189,181,183,192,124,156,185,192,194,180,172,164,1
347,167,159,167,172,138,157,185,166,164,162,145,121,117,140,156,168,164,148,101,1
348,123,124,131,150,147,141,134,120,129,139,131,117,138,150,139,125,126,138,141,1
349,195,192,181,186,179,162,154,147,199,184,174,177,170,168,165,160,198,161,113,1
350,151,171,167,171,176,179,172,145,161,174,180,171,160,178,179,157,167,174,182,1
351,83,111,133,146,139,117,109,85,107,137,160,144,134,120,118,100,128,159,145,1
352,138,146,164,148,133,137,134,112,151,144,121,135,115,112,143,114,145,130,92,1
353,225,229,229,229,227,222,213,213,227,228,227,232,232,216,197,202,230,232,226,0
354,177,200,195,198,205,196,191,168,194,216,152,164,218,211,201,184,200,188,88,0
355,154,174,198,211,189,186,179,173,179,133,167,175,159,171,168,166,202,79,82,0
356,141,157,156,165,166,167,163,146,143,160,161,173,143,154,172,152,147,157,163,0
357,112,129,156,157,163,155,123,102,107,136,136,138,167,168,156,129,98,130,122,0
358,164,180,181,187,193,195,192,186,172,177,182,176,193,199,194,187,168,180,172,0
359,145,165,182,191,192,186,169,155,152,177,183,200,206,199,189,169,154,177,178,0
360,187,187,191,204,212,204,192,172,191,204,204,194,199,202,195,180,185,200,183,0
361,173,172,179,188,188,182,184,179,173,183,187,173,164,182,192,184,185,192,179,1
362,123,151,164,182,186,170,152,117,151,169,179,182,176,176,165,128,174,185,174,0
363,181,179,183,185,188,192,188,188,187,192,183,168,193,198,192,190,182,187,168,0
364,179,183,185,192,193,193,187,186,177,180,190,193,194,195,196,188,183,186,160,0
365,118,142,156,168,179,168,150,125,125,150,167,176,178,177,174,144,145,149,162,1
366,172,188,183,176,171,165,125,99,181,197,180,164,176,159,112,114,192,195,153,0
367,155,174,179,176,172,175,161,142,168,182,186,167,172,178,151,146,179,191,173,0
368,147,146,155,160,151,148,132,123,149,148,151,154,164,161,155,126,140,150,134,0
369,120,118,121,118,146,160,124,111,123,131,140,134,111,149,152,128,135,139,146,0
370,129,158,167,164,158,136,111,127,141,165,171,156,136,138,120,135,144,159,154,1
371,88,123,142,162,144,122,119,124,66,93,146,142,120,114,123,128,95,100,149,0
372,137,151,168,177,160,158,146,122,142,151,171,186,174,168,159,133,147,159,166,0
373,159,174,175,176,181,179,178,176,171,174,175,170,167,174,184,188,168,175,168,0
374,144,160,165,173,170,168,145,128,149,163,165,169,161,155,149,137,150,168,130,1
375,176,185,187,189,182,167,154,124,162,188,196,189,175,158,151,126,173,188,185,1
376,145,167,185,174,169,177,160,144,146,170,172,171,180,181,161,147,160,176,140,1
377,146,159,165,165,168,167,162,148,154,164,170,168,173,175,169,160,160,169,171,0
378,172,178,181,181,177,172,174,169,179,183,185,180,180,182,173,176,182,186,179,0
379,124,158,177,172,148,155,142,128,140,176,173,170,127,130,145,133,141,171,179,0
380,134,164,144,138,162,164,152,101,155,171,170,140,117,162,173,135,161,183,165,1
381,144,157,157,169,157,143,132,122,161,165,159,155,154,161,147,137,150,159,149,0
382,163,167,160,161,152,145,119,91,169,164,152,157,155,150,121,87,168,165,141,1
383,187,202,204,203,198,195,183,174,191,206,201,198,211,204,190,175,189,206,195,0
384,161,163,166,162,162,169,174,156,156,145,132,136,149,156,171,172,160,139,114,0
385,186,190,191,191,195,188,183,170,192,190,182,193,182,185,184,171,193,192,167,1
386,127,140,143,147,164,157,143,132,138,146,145,144,147,143,140,137,139,147,139,1
387,156,180,171,158,162,173,158,125,169,179,167,162,169,171,160,134,169,168,168,1
388,179,170,177,185,185,196,197,196,172,171,186,174,167,196,192,194,170,177,177,1
389,204,207,205,202,204,199,178,163,209,208,175,174,203,208,188,183,205,186,137,1
390,152,177,179,172,163,155,122,95,149,167,175,166,173,171,149,119,146,155,144,1
391,196,212,216,217,203,212,209,190,207,217,201,177,205,219,192,198,206,213,180,1
392,103,127,150,158,158,161,150,126,121,143,155,166,169,171,155,135,136,149,164,1
393,207,217,227,220,219,211,198,192,199,214,224,228,228,210,209,197,177,208,226,1
394,133,165,165,172,189,191,186,157,153,176,188,184,174,181,193,185,172,187,188,1
395,232,234,236,235,227,233,235,232,235,234,234,189,135,166,231,240,235,215,179,1
396,225,224,195,164,145,192,218,212,228,210,130,107,106,128,209,218,220,157,78,1
397,230,231,234,229,214,229,219,208,229,235,217,141,97,168,226,214,229,237,145,1
398,163,163,162,161,158,155,158,155,166,170,165,158,142,146,166,161,175,175,156,0
399,173,173,170,176,185,188,179,149,181,178,185,184,187,191,179,156,191,182,178,0
400,196,199,189,181,180,189,186,178,198,193,179,177,181,179,181,182,184,186,179,0
401,166,178,191,185,182,184,175,166,170,185,189,179,176,182,183,168,166,175,181,1
402,165,177,174,176,178,173,158,133,172,183,183,165,167,170,153,137,173,189,166,1
403,181,167,122,115,142,151,168,142,181,140,118,108,123,106,130,157,168,119,120,1
404,156,160,152,148,149,141,140,125,160,160,144,140,142,140,137,116,165,170,144,1
405,131,151,157,162,165,160,158,146,144,163,164,155,163,168,161,148,162,178,172,0
406,226,231,219,208,234,216,182,167,224,209,151,122,161,201,201,192,229,177,102,0
407,130,145,148,154,159,157,152,128,148,151,116,93,112,155,160,128,142,138,104,1
408,144,156,172,168,163,164,152,133,154,174,176,156,171,168,163,147,158,185,167,1
409,172,175,183,188,187,180,175,169,176,182,186,186,191,186,183,175,175,181,173,1
410,139,144,155,163,172,175,164,161,148,157,170,162,162,172,176,164,169,168,179,1
411,164,173,173,178,186,186,172,165,170,179,175,169,172,172,177,173,176,183,174,0
412,145,160,166,158,155,160,138,116,152,165,174,157,142,156,144,118,159,174,163,1
413,172,180,189,186,188,187,186,182,177,181,172,165,168,169,178,179,181,177,144,1
414,130,136,150,162,169,151,163,153,140,157,175,164,159,155,169,161,155,175,163,1
415,117,140,151,161,151,146,145,119,122,139,157,177,156,144,137,124,125,159,153,1
416,156,162,182,187,181,182,172,160,162,172,186,195,198,190,179,174,169,181,194,1
417,179,188,200,175,192,197,176,153,197,196,181,164,200,184,179,173,194,185,121,1
418,171,186,186,157,181,180,174,175,168,183,152,120,156,150,158,181,181,159,122,1
419,155,169,171,171,166,172,171,151,165,175,173,173,165,170,166,154,166,173,161,1
420,183,182,178,178,166,158,164,157,178,185,181,171,166,171,168,161,177,182,147,1
421,134,158,170,172,165,163,150,122,149,174,157,95,154,182,160,139,148,163,135,1
422,108,116,133,143,132,122,117,114,100,122,138,144,143,136,136,119,118,133,137,1
423,139,151,162,170,170,168,162,151,153,160,170,174,173,166,162,157,156,169,169,1
424,183,176,173,176,175,157,160,164,179,177,176,179,165,160,152,159,178,180,180,1
425,124,137,149,152,154,149,127,120,128,145,152,154,160,143,135,128,128,151,162,0
426,147,164,174,180,179,176,162,146,168,172,168,186,174,121,124,148,172,177,179,1
427,147,161,177,171,170,177,170,154,159,174,172,147,166,179,172,159,159,175,141,0
428,146,160,174,165,163,146,142,102,151,170,175,151,109,149,166,114,160,174,166,1
429,173,193,203,197,200,185,180,164,179,202,204,188,166,181,188,156,194,201,194,0
430,105,132,136,140,156,138,113,90,111,145,153,127,149,163,136,107,138,162,159,1
431,197,198,192,189,188,185,184,184,199,207,189,155,146,146,163,176,189,189,170,1
432,160,175,177,161,160,179,182,163,169,183,181,167,162,182,185,174,170,185,175,1
433,36,160,182,172,169,166,166,97,103,181,162,148,156,160,165,143,148,148,134,0
434,163,175,185,180,168,152,129,121,170,169,165,161,153,142,141,136,151,132,135,1
435,210,215,218,220,224,225,221,210,213,220,224,228,225,224,222,216,212,222,223,1
436,222,227,230,228,229,227,217,205,225,229,229,234,233,228,221,211,225,231,235,1
437,225,226,227,229,223,225,228,227,225,226,209,171,210,228,227,227,225,215,140,1
438,145,154,159,161,157,143,131,116,149,161,166,167,166,154,143,123,153,164,171,1
439,174,186,190,182,176,193,192,185,182,188,189,177,174,193,191,185,181,189,176,0
440,172,181,190,190,184,181,172,170,178,185,191,176,171,186,177,172,172,182,190,1
441,170,186,194,194,192,195,187,185,185,185,193,186,178,193,188,181,182,189,193,1
442,186,195,196,196,200,192,193,190,193,197,198,171,188,206,203,195,197,202,179,1
443,13,108,147,163,166,169,110,21,59,143,126,143,177,173,170,58,96,150,151,1
444,147,150,161,157,145,141,137,105,137,155,170,145,139,152,148,128,149,157,166,1
445,136,140,138,149,168,156,140,126,154,157,151,160,140,146,152,127,161,166,163,1
446,150,162,164,170,166,155,136,114,161,170,170,167,146,139,138,132,168,170,173,1
447,170,177,171,173,174,179,179,178,169,165,167,178,170,173,174,175,165,168,170,0
448,140,149,152,156,155,142,134,106,137,138,156,154,147,152,148,121,139,153,133,1
449,145,167,174,175,172,170,172,156,157,174,177,180,181,181,182,171,162,176,177,0
450,177,180,175,167,177,185,181,177,185,183,181,165,169,171,177,179,181,188,173,1
451,137,163,170,170,180,181,174,156,152,172,178,182,185,186,178,166,164,176,179,1
452,186,172,190,215,210,197,190,196,172,152,190,212,208,165,164,212,149,159,212,1
453,179,177,173,171,175,180,183,184,181,177,142,134,143,180,187,186,182,179,138,1
454,157,176,184,187,190,190,184,177,168,180,191,194,195,193,188,177,175,185,193,0
455,183,187,186,177,187,193,183,185,182,185,170,154,159,173,186,187,174,154,146,1
456,135,149,159,164,161,154,137,123,149,160,157,157,165,151,145,131,158,163,141,0
457,190,197,198,202,197,191,186,170,192,201,207,209,200,196,188,176,194,205,207,1
458,154,156,156,161,162,159,151,129,165,162,147,152,150,163,159,143,165,166,149,1
459,137,154,165,172,163,154,151,142,138,154,167,187,162,149,158,153,149,159,132,1
460,199,205,202,201,203,202,193,182,199,205,186,154,159,184,185,186,201,194,148,0
461,198,199,191,177,172,189,206,207,197,187,136,99,131,173,210,208,186,161,118,1
462,212,214,216,215,211,207,204,199,210,208,174,183,202,206,202,197,207,170,126,0
463,117,142,155,158,155,150,141,111,127,155,159,161,159,159,147,121,136,155,148,0
464,120,132,144,149,142,140,142,128,124,139,143,143,140,139,144,130,131,137,123,1
465,179,183,188,198,196,197,190,162,179,186,187,198,200,200,182,160,176,185,194,1
466,187,190,186,183,187,194,184,180,188,194,180,158,176,190,198,197,194,185,161,1
467,190,189,177,183,191,198,189,157,188,175,161,160,157,184,204,188,187,155,154,1
468,98,109,127,132,126,113,105,94,111,119,130,122,109,120,119,107,97,114,121,0
469,109,130,146,152,148,151,155,137,121,143,149,137,143,159,156,131,114,139,152,1
470,166,173,183,188,179,181,173,164,174,176,175,173,167,172,179,176,173,176,164,1
471,172,176,183,189,179,180,179,174,176,174,172,167,159,167,180,183,171,170,154,1
472,106,119,135,151,146,132,124,102,114,135,151,155,155,145,130,109,117,135,146,1
473,90,108,130,133,125,126,111,90,84,113,142,141,127,123,113,103,93,128,125,1
474,171,173,177,154,177,189,192,167,185,185,174,170,179,135,149,184,186,178,179,1
475,112,128,143,141,163,119,130,139,124,142,140,147,155,92,65,107,148,151,148,0
476,190,194,198,180,190,190,186,150,202,209,170,135,159,166,182,166,203,196,117,1
477,180,196,206,200,195,211,203,181,190,208,203,160,164,182,194,179,194,203,168,1
478,131,143,149,138,140,142,137,110,146,149,132,107,126,155,151,124,158,159,120,1
479,183,188,189,187,185,188,185,184,184,191,189,178,183,190,190,188,184,189,184,1
480,159,160,164,164,160,158,154,144,159,162,165,164,168,166,159,142,161,162,165,0
481,161,170,178,181,178,177,170,162,167,173,179,181,183,179,174,164,168,174,175,1
482,174,180,182,177,168,157,143,126,173,183,185,176,172,162,146,131,178,185,176,1
483,116,126,139,143,144,141,128,120,127,141,148,157,144,149,133,123,133,140,152,1
484,144,149,161,155,146,147,144,131,138,146,156,147,150,147,135,137,146,146,143,1
485,150,152,167,166,163,164,153,127,154,163,163,169,176,168,143,139,162,172,172,0
486,147,158,174,171,172,173,170,152,148,158,175,157,169,182,162,143,155,162,169,0
487,151,172,184,184,188,178,168,148,164,182,197,168,189,193,179,158,169,182,201,1
488,99,170,191,184,169,167,157,93,135,173,184,173,168,174,181,140,157,155,163,1
489,134,152,156,154,155,142,139,129,151,159,152,154,158,151,141,127,158,157,150,1
490,184,185,179,175,175,154,126,138,188,184,173,165,163,159,134,138,187,185,167,1
491,154,167,174,176,147,110,108,134,168,177,182,178,171,134,123,128,171,184,181,1
492,130,137,150,140,136,169,150,122,139,149,144,120,137,160,153,143,137,119,123,1
493,145,171,171,179,181,175,164,147,152,182,187,188,185,182,176,164,154,183,187,1
494,177,175,180,180,183,181,179,179,175,174,177,175,176,185,178,178,178,175,162,1
495,168,168,181,180,179,160,154,131,173,183,189,191,188,166,163,152,177,188,169,0
496,146,157,166,165,164,161,150,140,154,161,169,170,168,165,157,143,156,163,165,1
497,167,161,162,170,174,170,168,159,162,160,156,167,172,167,167,167,167,162,157,1
498,169,162,162,165,160,162,164,160,170,158,152,155,147,146,156,156,168,157,138,1
499,124,139,161,183,180,175,160,138,132,152,152,187,183,167,170,147,142,147,124,1
500,133,155,174,175,164,157,145,130,150,165,177,163,147,159,152,137,156,174,172,1
501,149,159,170,177,169,173,167,162,156,161,176,172,165,174,176,165,164,170,168,1
502,147,155,158,158,167,165,157,147,139,160,158,170,169,166,162,149,139,154,164,1
503,66,140,162,153,158,153,71,0,138,148,151,155,163,164,139,20,157,152,161,0
504,177,186,194,202,205,193,195,184,168,180,179,177,185,188,199,186,165,166,153,1
505,99,120,139,142,137,142,114,94,116,131,149,137,141,149,128,118,131,156,152,1
506,159,167,171,174,163,168,160,157,161,173,177,167,166,172,172,163,170,171,148,1
507,140,151,166,169,176,174,169,158,149,159,172,176,178,176,173,163,148,171,171,1
508,173,178,179,178,177,178,169,171,172,181,188,183,167,176,177,174,182,186,188,1
509,154,164,160,162,166,164,168,168,154,159,160,151,151,155,171,169,155,158,145,0
510,126,131,128,141,138,122,111,102,126,137,134,139,130,130,125,106,133,144,139,0
511,170,175,177,182,179,177,181,175,174,172,173,180,187,183,182,173,173,162,170,1
512,0,78,205,146,155,182,60,0,16,189,164,133,124,139,151,10,78,202,145,1
513,162,170,171,179,182,183,166,157,167,180,173,156,164,182,172,156,158,168,163,1
514,158,159,155,134,148,167,171,167,162,137,120,115,120,139,170,167,144,110,109,1
515,184,165,179,188,184,181,190,179,195,187,172,157,153,182,188,185,198,179,136,1
516,190,182,177,196,184,183,173,170,197,167,123,168,178,169,189,187,196,129,117,0
517,192,187,181,188,181,182,184,179,185,183,165,178,165,169,171,176,169,153,127,1
518,152,162,163,164,164,160,154,152,155,163,167,159,157,161,155,151,161,159,147,0
519,139,151,166,175,162,158,135,124,146,165,181,173,170,158,142,126,154,161,144,1
520,26,122,180,173,157,159,113,24,74,160,180,170,162,164,160,73,125,162,160,1
521,103,122,130,131,139,126,109,88,120,139,144,138,136,137,117,94,131,145,128,1
522,136,150,147,149,141,149,146,132,142,149,142,142,143,157,154,140,144,148,110,1
523,103,117,128,123,112,100,105,91,116,133,125,133,142,125,117,104,120,145,108,1
524,174,147,132,153,177,177,180,182,160,138,129,155,171,169,173,176,149,123,136,1
525,149,169,175,177,172,167,154,139,148,172,175,179,150,142,146,144,146,169,168,0
526,126,131,155,165,164,156,142,120,107,138,158,167,168,147,147,132,130,136,149,0
527,136,150,165,166,164,167,149,137,145,159,170,171,160,158,153,140,150,162,165,0
528,127,159,174,176,178,170,154,127,145,167,173,176,171,173,158,146,156,168,177,1
529,113,132,142,149,148,143,127,103,117,137,151,160,163,153,138,116,123,142,148,1
530,0,48,193,182,163,165,84,4,0,52,179,141,134,149,84,3,0,62,157,1
531,137,150,170,170,172,164,160,159,140,147,169,171,178,173,165,168,150,168,174,1
532,151,149,135,136,140,126,123,104,147,139,116,130,125,121,141,104,146,123,114,1
533,162,168,147,153,154,154,154,154,165,171,164,166,159,154,154,156,172,167,157,1
534,158,166,166,171,170,161,151,141,153,165,170,175,176,160,152,145,156,164,168,1
535,112,139,155,153,163,171,167,157,116,140,157,151,164,174,169,150,109,123,129,1
536,150,166,183,165,151,153,110,86,156,160,184,165,144,150,152,105,173,182,154,1
537,162,167,163,156,166,141,131,133,168,177,153,142,165,148,139,141,172,194,171,1
538,189,194,184,181,174,176,170,163,191,190,185,179,172,178,176,169,193,182,159,1
539,139,156,169,159,164,172,163,138,138,146,163,109,123,181,173,159,158,166,149,0
540,179,180,177,174,181,173,167,168,179,186,173,172,181,174,168,167,173,182,149,0
541,178,165,108,124,175,182,176,182,164,90,62,58,121,176,176,180,127,50,67,0
542,139,163,161,163,165,173,176,147,160,151,138,142,140,153,166,166,164,154,144,0
543,161,165,163,164,160,162,161,155,162,155,132,126,130,146,156,156,163,144,120,1
544,118,147,137,119,115,135,136,101,139,149,139,121,120,120,141,129,139,116,98,0
545,101,122,134,139,133,131,110,112,99,107,117,105,128,138,117,119,88,69,103,1
546,40,144,156,143,142,153,131,31,105,162,154,154,153,145,162,98,146,138,137,1
547,158,155,149,157,158,159,164,165,157,154,150,149,154,154,158,159,159,151,136,1
548,151,159,161,162,165,166,162,154,156,155,153,162,163,164,164,157,154,155,152,1
549,110,130,150,157,163,163,144,123,125,140,146,161,170,166,154,140,130,142,154,0
550,170,173,174,170,175,180,178,176,173,172,174,174,176,181,178,176,172,171,171,1
551,174,164,163,188,190,199,201,193,148,138,140,152,140,155,184,187,145,127,134,1
552,122,130,139,155,162,171,162,121,145,149,132,136,141,152,156,129,156,122,116,1
553,157,161,149,144,162,158,152,147,156,162,156,139,133,154,152,145,156,156,142,1
554,211,187,169,155,174,174,161,170,200,179,175,173,166,177,155,157,195,150,138,1
555,133,152,165,176,180,168,159,142,148,170,177,171,182,185,169,150,160,174,163,0
556,193,193,184,172,177,178,172,170,186,173,139,130,142,143,165,169,168,153,129,1
557,97,112,139,153,145,156,154,120,89,83,137,156,142,158,164,134,128,123,162,1
558,134,129,148,153,131,130,104,91,137,125,132,140,123,110,110,95,137,125,134,1
559,177,186,166,147,160,171,179,177,193,182,126,126,170,177,166,169,180,147,105,1
560,92,105,120,135,152,137,142,130,102,115,137,142,145,132,133,139,105,125,151,1
561,195,206,201,195,188,194,190,195,214,193,187,172,173,180,181,185,206,173,161,1
562,163,164,170,171,163,169,174,173,163,170,176,172,167,166,172,173,165,174,176,1
563,91,118,131,136,133,128,131,112,107,122,139,148,142,138,133,119,116,126,139,1
564,148,162,157,147,158,137,113,96,155,173,169,163,165,137,119,113,163,171,164,0
565,136,139,144,153,149,141,117,98,141,133,140,147,141,142,118,105,144,142,128,1
566,136,155,165,173,167,161,145,114,147,151,138,155,154,134,154,126,158,122,113,1
567,174,178,177,176,177,169,153,137,176,184,172,179,177,164,158,147,173,182,158,1
568,140,163,159,146,154,158,150,146,141,161,153,160,156,148,158,155,147,155,153,1
569,148,149,149,164,150,143,159,153,148,152,150,158,165,158,159,151,146,146,117,0
570,118,149,140,150,142,130,137,126,123,146,145,154,159,141,141,124,124,145,111,1
571,140,158,168,162,174,165,163,145,137,160,157,152,148,155,179,158,147,152,161,1
572,174,182,184,185,190,191,187,182,174,182,181,181,190,191,190,183,178,185,182,0
573,154,169,176,176,183,181,172,158,159,173,185,189,193,192,184,169,165,180,185,0
574,170,183,188,180,190,179,161,131,169,183,185,186,168,152,168,143,173,187,175,0
575,181,178,171,192,186,177,162,129,190,180,176,194,189,181,172,139,174,177,172,1
576,158,165,165,165,165,164,162,165,163,163,169,160,150,162,163,160,167,170,160,1
577,135,161,165,178,174,180,169,148,115,152,169,176,174,181,175,154,146,152,166,1
578,172,178,178,187,188,183,179,178,175,181,180,183,183,184,183,184,174,178,175,0
579,127,143,150,160,162,140,118,108,132,148,164,162,157,156,141,122,129,142,159,0
580,138,156,166,181,185,178,169,157,150,158,168,170,158,175,168,156,150,167,158,1
581,21,140,183,164,163,165,106,7,92,185,172,131,146,137,148,55,146,175,147,1
582,1,87,179,168,200,203,148,16,37,148,157,156,150,170,186,82,106,155,149,1
583,137,155,167,152,159,162,144,43,157,170,179,155,166,175,165,112,167,185,180,1
584,125,139,150,155,155,147,128,109,134,149,160,168,165,153,138,117,142,153,166,1
585,156,174,175,172,173,173,173,159,160,172,176,175,170,174,171,160,165,167,169,0
586,164,168,176,173,173,166,171,168,164,168,176,172,166,167,168,165,162,165,162,1
587,159,180,176,183,175,179,176,177,170,180,165,157,179,186,179,176,176,170,153,1
588,146,165,162,170,167,165,146,137,148,168,158,148,168,175,161,149,149,164,148,1
589,171,176,175,173,169,169,174,172,176,178,174,174,174,173,175,173,177,181,174,1
590,107,126,155,161,147,162,170,158,121,134,163,153,142,146,163,169,136,160,135,1
591,164,169,172,171,176,177,167,162,167,174,161,166,181,174,172,166,168,166,141,0
592,143,166,131,117,158,166,167,116,148,154,106,104,152,164,160,141,164,167,109,1
593,101,119,155,153,137,115,126,111,90,118,161,160,147,118,120,114,102,121,142,1
594,177,176,175,175,176,174,175,171,178,177,170,161,158,172,177,175,180,174,155,1
595,158,176,182,179,179,178,164,145,163,185,191,190,187,182,171,153,171,187,189,1
596,99,113,133,138,137,141,119,83,105,131,147,142,138,144,122,91,109,129,148,0
597,154,160,160,156,155,157,141,118,148,165,141,123,137,133,145,121,148,154,137,1
598,136,189,185,171,162,168,177,67,174,156,155,149,147,160,178,146,171,163,137,1
599,184,195,188,189,192,192,193,194,194,191,195,178,182,196,195,194,196,196,179,1
600,174,189,210,208,199,190,174,157,185,192,204,205,212,200,186,176,190,185,191,1
601,172,180,186,187,187,184,176,163,164,179,189,190,189,184,175,154,153,176,172,1
602,162,160,162,163,158,156,149,146,163,160,157,156,144,151,157,149,172,157,132,1
603,157,167,137,149,161,155,133,132,159,171,168,158,152,150,142,138,169,182,182,0
604,150,169,170,165,167,165,151,138,167,174,172,113,135,169,158,138,159,155,160,1
605,157,174,186,190,197,196,189,175,171,185,195,197,201,196,192,184,179,193,191,0
606,154,164,173,178,178,177,169,156,159,169,174,172,167,178,176,162,159,174,177,1
607,61,165,186,199,185,188,166,32,123,169,193,175,147,180,185,90,152,170,176,1
608,133,138,162,173,177,164,153,134,135,150,176,174,160,148,166,140,145,162,156,0
609,175,184,187,182,174,171,177,171,176,172,172,163,159,159,163,170,165,162,146,1
610,188,196,188,161,142,104,130,179,196,203,209,178,147,161,118,133,198,207,201,1
611,182,177,175,182,191,184,189,180,179,165,166,178,149,153,194,182,175,173,171,1
612,137,151,152,141,136,131,131,105,144,149,169,167,148,130,130,120,147,162,152,0
613,179,187,191,196,191,187,197,193,182,186,188,181,165,157,200,192,186,175,176,0
614,181,182,182,181,180,185,181,185,184,181,183,181,172,170,178,187,183,177,175,1
615,126,146,157,159,151,163,153,131,140,159,177,171,168,177,163,145,143,169,178,1
616,149,147,169,166,147,151,158,134,141,162,177,175,140,124,162,149,156,178,175,1
617,108,123,133,137,149,140,135,117,123,141,133,99,137,142,147,127,132,154,122,1
618,150,163,172,169,175,175,176,177,161,162,176,182,167,166,168,169,157,157,168,1
619,114,134,133,129,126,124,141,133,121,128,124,137,139,136,138,135,119,114,127,0
620,182,187,192,183,174,171,170,177,177,184,164,162,171,172,169,167,175,177,101,1
621,147,154,164,163,163,166,162,154,157,161,155,166,169,167,169,162,159,164,158,0
622,146,155,153,158,163,157,146,137,142,158,161,156,157,164,154,137,133,144,150,1
623,170,175,184,164,180,189,183,175,158,166,181,192,192,198,180,163,189,179,176,1
624,162,166,172,177,190,184,172,155,168,182,185,181,192,182,172,165,174,183,188,1
625,182,183,178,169,164,174,185,185,182,185,157,127,133,169,183,185,185,180,140,0
626,189,186,187,183,178,178,190,178,185,178,177,174,165,171,180,188,182,154,155,1
627,72,87,106,124,152,167,156,142,80,99,122,148,164,168,166,156,92,116,145,1
628,65,150,162,168,168,170,172,91,127,154,163,174,175,173,172,143,141,148,168,1
629,97,106,111,116,118,129,127,116,95,101,118,129,134,134,144,128,89,104,128,1
630,179,186,192,196,192,187,177,168,180,190,194,199,195,190,182,173,181,195,197,1
631,159,165,159,157,161,159,157,137,167,159,148,151,158,156,155,143,176,157,139,1
632,138,156,150,150,149,135,138,122,147,154,138,130,130,116,121,121,155,151,142,1
633,79,102,110,134,146,145,136,120,101,125,125,144,149,159,152,135,105,125,110,1
634,139,151,156,159,145,136,129,107,142,155,141,138,134,125,129,111,153,151,139,1
635,116,139,156,153,160,154,150,126,126,133,120,119,124,144,142,131,149,145,117,0
636,139,138,138,142,144,144,152,126,134,137,141,141,143,143,150,140,132,137,130,0
637,121,131,143,137,127,121,115,106,131,144,150,148,139,129,122,111,140,155,165,1
638,162,162,161,171,161,152,135,118,145,161,159,142,159,161,141,136,136,113,109,1
639,164,180,181,181,181,185,172,158,177,186,179,155,178,190,184,175,177,188,176,1
640,134,144,151,160,167,164,156,134,140,152,122,148,174,173,160,143,147,150,118,1
641,166,181,166,158,182,187,181,166,171,187,170,154,167,183,188,177,178,183,164,1
642,131,155,174,179,166,160,149,141,156,169,184,176,161,165,160,141,160,182,175,1
643,124,147,164,167,169,164,153,133,129,150,169,173,174,173,160,139,136,158,171,1
644,89,103,111,122,113,95,90,86,126,127,135,121,101,97,107,112,136,152,150,0
645,169,165,169,173,176,170,171,168,169,160,156,165,170,171,175,164,169,159,146,1
646,128,143,149,148,149,143,137,130,135,150,154,157,149,132,136,143,137,152,161,1
647,162,176,175,174,169,170,174,166,175,175,174,170,155,166,179,170,173,175,170,0
648,153,159,168,179,183,179,159,142,162,163,175,175,176,183,165,149,163,171,165,0
649,177,195,181,195,195,177,187,179,194,202,193,188,186,178,179,173,194,175,152,1
650,180,191,197,198,199,192,181,160,187,195,199,195,198,199,185,163,185,193,164,0
651,185,187,184,172,192,196,192,182,183,150,135,96,141,176,186,181,185,130,96,0
652,101,158,178,186,185,178,90,1,129,150,187,186,192,184,141,34,146,166,154,1
653,161,171,180,185,190,191,181,167,165,177,184,186,194,194,188,174,169,181,187,1
654,187,193,196,194,198,208,207,200,187,195,200,193,195,208,210,203,191,196,199,1
655,113,141,170,166,173,160,121,100,136,163,175,178,169,154,131,121,151,171,173,1
656,162,198,204,199,192,188,173,131,178,204,211,194,180,182,179,148,199,223,198,0
657,153,158,161,165,166,169,162,154,153,163,162,159,163,172,167,163,154,158,157,1
658,89,113,127,129,134,145,126,115,86,110,123,147,149,148,147,128,105,126,136,1
659,195,217,203,183,186,188,162,36,178,178,170,128,150,177,183,73,166,149,119,1
660,95,127,137,122,166,170,159,150,107,158,156,95,174,171,125,154,130,156,169,1
661,159,177,179,178,179,173,171,165,159,167,180,170,171,176,166,154,164,167,143,0
662,140,150,159,162,130,119,124,97,156,160,162,170,139,118,128,108,161,167,168,0
663,146,155,160,164,161,151,137,120,150,157,159,165,162,154,140,124,156,161,162,0
664,177,182,185,180,177,180,174,181,185,185,187,182,182,183,184,184,187,188,188,1
665,150,165,174,180,170,167,162,136,142,167,178,182,165,166,158,144,154,169,178,0
666,112,170,169,164,153,146,172,111,142,171,164,169,137,137,174,148,145,141,158,1
667,118,121,122,122,128,114,94,83,123,130,132,139,136,112,99,92,134,143,146,1
668,160,179,175,173,171,167,157,144,171,184,175,172,174,173,161,146,185,179,162,1
669,181,190,195,191,188,185,178,165,184,193,198,185,181,185,178,167,186,191,194,0
670,85,115,130,124,109,120,123,105,99,121,142,144,114,106,130,114,105,68,107,1
671,181,171,168,159,171,182,180,177,180,167,158,126,146,178,181,179,176,175,151,1
672,157,174,176,177,159,155,134,112,165,181,171,164,143,147,150,115,169,166,157,1
673,160,169,167,167,164,164,155,142,164,163,156,158,166,159,158,162,160,144,151,1
674,130,148,162,165,165,169,155,145,136,157,167,162,152,164,164,144,139,159,152,1
675,122,115,150,177,170,163,141,158,120,103,172,186,182,167,146,161,108,140,173,1
676,148,155,167,168,165,164,147,130,155,167,182,179,173,160,155,141,163,168,179,1
677,183,168,159,158,158,143,181,172,179,127,121,123,115,127,169,185,174,129,112,1
678,147,162,169,167,160,165,162,139,159,167,168,171,170,171,170,146,161,171,162,1
679,128,139,146,144,135,141,139,126,136,144,142,147,149,146,148,133,141,145,138,0
680,143,155,163,164,163,159,162,166,146,157,162,165,169,160,164,165,150,158,165,1
681,173,169,166,170,175,162,165,170,171,166,166,168,175,171,166,171,169,170,173,1
682,102,113,146,146,137,116,115,94,117,135,137,150,156,120,123,107,134,145,130,1
683,127,180,172,172,173,183,179,128,180,175,147,153,160,177,175,162,187,171,149,0
684,141,157,171,171,165,163,150,134,156,169,179,176,172,171,152,135,162,170,179,1
685,115,128,146,148,147,150,154,135,115,126,136,125,132,155,161,144,110,110,123,1
686,171,169,171,159,158,170,182,176,164,154,158,153,156,162,178,180,163,155,165,0
687,129,149,165,171,165,164,151,132,140,155,165,167,167,173,165,148,153,152,148,1
688,194,189,184,184,183,179,174,149,177,180,176,166,177,176,164,163,174,150,134,1
689,124,137,154,166,163,144,123,107,161,165,164,174,170,155,137,122,143,171,178,1
690,145,170,177,165,173,165,150,92,151,170,186,189,183,175,159,122,160,166,173,1
691,100,118,122,137,125,121,116,92,110,127,116,128,124,130,123,105,120,124,109,1
692,168,170,171,174,168,154,155,160,169,170,172,173,165,133,138,163,163,161,165,1
693,172,175,178,177,175,174,176,176,171,173,176,175,173,177,179,179,175,174,161,1
694,155,163,165,167,166,176,170,148,162,167,167,161,167,164,170,154,165,171,163,0
695,174,177,172,172,170,181,180,166,181,178,172,163,169,166,179,169,183,182,166,1
696,113,137,156,169,163,166,157,127,127,146,174,184,175,166,163,153,127,158,178,1
697,110,127,133,150,139,139,137,137,116,98,115,149,129,127,132,136,136,111,99,1
698,148,152,149,167,150,138,134,123,153,159,164,169,164,152,138,123,156,164,162,0
699,152,160,163,170,172,176,172,149,160,171,173,172,183,186,163,137,161,180,160,1
700,138,157,168,176,173,162,164,151,142,164,186,185,181,167,147,139,147,165,186,1
701,169,172,170,178,182,171,174,173,172,170,162,157,154,138,172,179,174,175,160,1
702,158,161,142,134,141,150,136,115,167,168,150,122,120,142,145,128,164,162,148,0
703,138,151,155,151,150,144,139,117,147,155,159,160,154,141,136,119,153,165,159,1
704,158,165,165,167,167,157,157,158,161,165,166,167,170,160,161,162,166,174,164,1
705,155,164,160,169,175,142,129,133,165,172,172,180,185,171,152,139,159,168,179,0
706,174,172,168,168,175,183,179,168,175,178,149,157,170,183,187,166,181,169,103,0
707,156,157,158,175,196,173,127,136,178,166,186,192,179,162,134,164,200,193,210,1
708,124,119,127,144,151,172,123,96,145,150,144,151,173,157,126,125,143,148,140,1
709,165,170,178,172,168,165,162,162,172,182,179,166,160,139,147,156,164,171,165,1
710,174,178,185,174,174,171,171,170,185,186,181,169,166,144,158,162,177,180,170,1
711,129,141,142,152,151,165,140,120,141,157,157,153,167,165,135,128,145,151,156,1
712,158,177,175,190,156,165,169,159,161,159,144,176,158,148,160,168,163,142,127,1
713,123,157,182,177,175,155,142,133,153,172,187,174,174,132,145,155,169,185,183,1
714,146,151,148,146,156,171,161,147,152,154,136,146,167,173,168,166,147,145,120,1
715,139,145,143,151,147,116,117,106,153,152,140,149,147,133,111,112,163,147,118,1
716,175,175,175,170,167,167,170,167,173,170,158,137,139,167,159,154,172,137,127,1
717,179,179,188,195,188,172,166,165,176,175,187,192,183,177,176,173,182,173,190,1
718,103,130,140,140,136,138,115,103,115,141,148,152,150,138,120,118,133,150,138,1
719,182,177,170,182,190,177,179,180,181,178,166,159,156,151,181,183,186,171,155,1
720,112,133,145,134,134,116,113,84,114,128,151,125,140,134,126,112,118,130,147,0
721,154,163,169,178,188,188,173,154,156,169,177,163,175,191,182,163,162,142,136,1
722,163,161,161,160,147,151,137,126,165,177,185,177,161,155,145,121,157,172,175,0
723,174,179,191,197,190,172,164,162,169,180,193,192,187,178,175,169,174,183,192,1
724,100,114,131,131,138,128,113,101,111,129,138,137,146,133,120,108,119,136,139,1
725,115,125,139,136,142,158,123,95,118,129,132,134,134,144,123,101,123,137,129,0
726,143,154,152,163,168,164,164,152,152,158,155,164,172,172,168,162,154,162,160,0
727,179,189,192,187,184,178,183,176,181,182,180,174,179,184,182,180,172,168,165,1
728,123,138,153,157,148,143,124,104,134,145,151,166,155,147,133,122,140,157,150,1
729,181,189,178,175,174,184,181,160,177,190,175,138,138,173,181,168,163,180,169,0
730,185,187,174,190,205,203,194,185,186,186,157,162,190,197,204,198,199,190,133,1
731,152,169,175,187,189,188,168,150,160,180,189,195,203,199,185,167,160,179,179,1
732,159,159,151,147,159,151,156,151,156,158,136,127,131,136,149,155,159,160,142,1
733,137,141,164,179,179,167,142,128,150,171,182,193,184,172,164,141,156,175,197,1
734,55,69,95,118,118,116,110,93,65,87,119,126,133,130,123,102,75,107,119,1
735,133,148,148,150,157,161,150,142,151,152,140,128,135,154,150,150,153,147,132,0
736,131,151,154,164,174,161,151,136,142,145,124,129,159,163,163,144,159,143,118,1
737,130,146,158,177,176,173,169,160,148,157,158,172,174,178,171,164,153,167,169,1
738,85,128,142,118,112,100,95,93,112,141,124,107,110,96,98,110,137,128,140,1
739,165,176,187,191,188,190,177,169,167,179,186,186,190,189,172,172,178,189,184,1
740,183,191,201,196,190,163,150,149,183,194,198,192,193,163,142,150,172,185,192,1
741,162,177,149,130,183,135,142,151,154,164,125,137,164,134,143,156,142,131,140,0
742,178,183,178,183,184,186,179,163,181,185,166,148,165,184,174,165,179,181,155,1
743,116,144,154,159,164,161,153,133,123,139,151,162,161,160,157,135,142,145,153,1
744,107,174,160,157,157,167,164,48,148,171,161,146,134,145,174,112,151,162,157,1
745,135,157,156,169,170,172,162,140,135,168,175,174,177,184,175,149,148,171,175,1
746,155,165,177,182,183,185,181,164,166,169,171,177,178,182,185,170,168,160,169,1
747,164,169,170,174,180,180,171,163,170,173,176,166,172,184,175,167,168,161,140,1
748,139,173,181,163,140,141,162,112,149,168,156,143,125,119,160,140,144,142,130,0
749,142,181,189,177,150,143,165,123,153,173,163,154,138,124,163,150,150,149,135,1
750,124,151,158,161,161,161,161,128,141,150,150,146,141,144,149,148,145,125,109,1
751,100,133,147,154,156,152,146,109,120,141,147,147,144,145,143,134,129,123,115,1
752,121,123,151,168,152,151,161,144,149,144,156,161,156,166,166,145,157,153,119,1
753,160,169,165,151,145,129,115,106,157,172,147,133,130,125,120,105,164,158,146,0
754,139,154,175,173,185,181,168,149,156,170,167,156,170,182,173,161,153,165,152,0
755,93,114,141,138,104,98,111,114,95,118,146,142,110,103,125,123,112,125,163,1
756,162,162,173,166,169,179,162,67,171,177,156,169,170,144,153,110,197,188,163,1
757,127,178,154,148,148,159,140,44,176,163,147,155,146,149,156,99,176,153,147,1
758,138,142,138,145,154,149,131,104,143,144,150,134,138,147,138,121,141,144,131,1
759,166,172,151,159,185,176,165,148,176,175,118,101,135,148,168,155,193,181,94,1
760,156,173,174,179,181,180,171,159,163,177,168,171,184,173,190,183,159,180,185,0
761,135,149,154,162,160,160,154,145,140,153,151,155,149,150,155,147,149,166,114,0
762,173,182,184,189,180,172,151,115,176,182,178,179,186,176,149,108,177,179,161,0
763,86,113,129,89,82,81,92,91,93,116,127,104,105,104,106,117,115,105,116,1
764,114,134,149,167,172,165,156,143,126,152,147,162,175,150,169,163,123,166,168,1
765,157,161,166,168,178,169,164,156,163,163,168,167,162,164,171,162,160,157,154,1
766,148,165,173,181,181,177,179,176,174,181,181,174,175,188,185,182,181,183,186,1
767,106,133,156,162,158,155,156,138,112,132,155,174,168,163,165,151,132,137,162,1
768,144,144,145,153,157,150,163,170,144,155,149,146,155,172,180,178,155,170,166,1
769,123,148,161,150,128,133,154,123,143,157,158,154,148,166,173,155,138,148,152,1
770,140,139,136,139,140,137,131,128,150,149,148,151,155,152,152,150,157,154,152,1
771,140,156,168,173,172,166,165,138,152,164,177,182,180,176,173,158,161,175,181,1
772,156,162,167,169,171,168,169,164,161,164,168,175,174,173,169,158,162,170,175,0
773,154,160,174,170,162,152,161,164,158,163,172,170,168,169,162,159,166,175,160,0
774,108,139,152,151,157,153,148,128,134,155,161,156,164,154,155,151,145,163,167,1
775,158,169,168,158,164,158,156,152,164,167,170,167,168,169,168,161,160,167,176,1
776,92,147,150,156,162,153,146,93,135,158,164,164,164,153,153,129,140,161,174,1
777,81,136,140,150,143,148,138,100,121,141,137,138,143,139,139,129,135,133,127,1
778,57,135,146,151,150,146,133,66,109,144,147,157,148,151,147,110,133,147,137,1
779,88,131,123,121,123,118,115,58,127,141,130,119,130,134,124,89,134,145,149,1
780,136,151,160,163,161,153,144,136,137,151,160,165,168,162,149,140,137,151,154,1
781,140,142,143,146,147,149,145,143,140,139,139,142,147,150,147,142,137,136,137,1
782,102,124,137,147,149,144,131,134,120,130,130,136,142,146,142,139,125,135,130,1
783,125,122,120,128,129,122,126,119,129,129,135,141,138,135,137,135,134,137,137,0
784,120,117,118,122,131,128,111,92,141,143,135,138,145,143,133,118,150,153,157,1
785,115,128,139,143,150,137,124,72,127,143,149,146,152,136,133,108,136,147,165,0
786,141,145,149,146,148,145,145,142,138,146,151,143,139,137,140,136,139,148,141,0
787,64,132,140,147,146,137,117,65,108,138,143,147,148,144,125,94,120,134,147,1
788,123,140,149,149,146,130,111,93,135,145,152,156,154,129,113,103,134,146,156,1
789,138,137,129,135,139,139,127,114,141,133,119,132,146,134,120,114,141,144,130,1
790,138,142,145,149,147,134,122,104,134,143,149,150,146,140,127,110,137,143,144,1
791,139,152,151,150,133,114,70,34,148,156,160,157,136,111,93,44,153,162,158,0
792,100,127,148,155,159,158,140,106,101,124,148,149,146,152,127,100,104,128,136,0
793,20,46,100,158,168,110,37,24,32,73,104,170,182,119,51,30,42,76,115,1
794,121,135,134,136,144,145,138,132,126,131,127,126,136,148,145,139,122,115,125,1
795,69,139,150,158,154,138,109,42,112,140,152,165,162,147,130,68,121,142,158,1
796,130,141,147,150,146,133,116,98,135,145,152,154,151,145,128,108,135,148,157,0
797,112,134,137,142,141,130,120,100,123,136,145,140,137,140,126,109,129,142,142,1
798,153,148,147,149,144,135,133,121,146,141,144,145,147,144,130,118,141,142,146,1
799,129,153,163,165,161,131,94,104,137,158,171,169,166,146,98,83,127,151,172,1
800,146,145,147,148,144,150,148,146,148,150,152,147,139,150,149,146,145,148,145,1
801,130,144,150,154,154,147,141,112,141,148,157,162,158,154,148,132,143,154,162,1
802,135,152,160,160,152,144,135,108,145,158,166,172,166,155,143,121,147,162,166,1
803,149,145,157,162,162,160,153,148,149,148,152,155,149,160,157,151,147,150,146,1
804,17,66,133,138,143,140,135,93,46,122,144,145,149,159,146,138,84,143,147,1
805,124,132,136,131,128,137,140,118,134,139,141,141,139,129,120,134,138,132,132,1
806,141,143,146,146,145,141,134,132,140,142,146,143,141,144,133,132,136,136,146,1
807,73,126,137,144,143,133,119,70,109,138,148,156,155,146,132,104,121,141,155,1
808,81,134,144,152,148,139,128,78,118,142,150,155,155,147,137,111,129,145,155,1
809,135,137,141,141,147,144,140,137,138,141,144,137,145,149,144,136,136,145,146,1
810,148,158,167,164,159,150,139,119,150,159,170,172,169,157,142,124,152,159,165,1
811,161,158,159,160,157,162,160,153,160,161,157,148,131,146,164,154,156,157,146,1
812,88,154,156,151,158,154,135,59,123,158,150,126,142,164,152,103,146,161,142,1
813,146,142,144,149,150,151,151,151,144,141,139,142,149,152,149,148,145,140,139,1
814,129,145,161,164,167,159,152,139,130,148,164,170,173,169,158,146,136,149,164,1
815,81,137,151,155,151,147,134,101,123,144,153,153,154,146,142,120,141,154,140,1
816,118,140,159,160,158,155,140,102,118,137,154,147,146,150,141,113,118,128,132,0
817,102,132,177,191,179,119,66,71,109,142,181,195,185,122,69,71,105,144,181,1
818,141,145,145,145,145,142,132,136,138,142,144,139,140,142,134,138,135,140,138,0
819,143,148,145,138,148,144,148,143,142,148,142,136,145,142,143,144,141,145,141,1
820,130,144,148,152,146,138,126,105,138,148,156,160,152,141,133,119,141,150,160,1
821,100,139,146,153,150,140,129,76,128,146,154,154,154,148,136,107,135,149,157,1
822,127,134,137,141,140,138,130,123,130,138,140,140,142,141,136,133,132,140,130,1
823,121,137,144,147,142,134,132,117,128,145,153,155,151,143,139,126,135,147,155,1
824,96,134,144,147,146,141,129,108,117,139,151,151,153,150,131,120,126,145,156,1
825,111,132,143,148,149,147,141,129,121,145,153,152,158,154,150,147,132,153,157,1
826,161,156,171,164,153,158,169,160,161,165,178,163,163,158,173,158,164,165,175,0
827,29,116,155,168,166,159,147,112,80,144,166,181,183,170,152,134,117,146,159,0
828,132,153,158,168,166,163,155,122,154,154,150,164,165,155,159,138,153,147,136,0
829,73,160,176,194,202,190,172,126,123,175,186,199,202,194,180,157,142,174,189,1
830,102,154,172,174,174,168,151,121,130,162,177,182,187,171,165,139,148,170,171,1
831,134,162,167,171,159,155,159,142,152,164,174,166,154,138,146,156,163,165,175,0
832,127,169,170,173,177,166,155,104,154,173,180,172,165,173,167,132,159,173,178,1
833,47,151,176,183,186,175,160,82,109,175,192,203,193,183,185,138,141,182,183,0
834,186,199,202,201,197,183,172,169,184,187,174,165,159,160,182,182,191,163,162,1
835,195,204,207,200,206,187,180,189,195,202,196,139,160,200,191,189,195,207,173,1
836,84,157,173,180,180,181,164,66,135,173,185,193,184,187,188,117,154,181,194,1
837,181,174,177,184,185,186,186,182,182,160,152,155,159,181,186,183,181,154,147,1
838,155,170,176,179,177,173,169,157,166,177,185,187,186,179,170,163,164,165,165,0
839,109,158,172,180,180,178,175,162,144,167,178,184,186,188,179,168,155,177,164,1
840,150,172,175,179,180,177,170,159,165,175,182,186,187,182,176,170,165,179,179,1
841,115,143,138,145,150,146,152,156,123,141,149,151,152,146,150,159,124,120,149,1
842,22,105,140,142,153,155,150,100,67,129,140,149,154,151,156,139,97,136,126,0
843,21,117,155,159,122,128,135,59,76,156,171,166,134,144,150,120,125,161,149,1
844,153,164,147,149,158,162,151,131,160,150,142,157,163,161,149,135,139,132,150,1
845,147,157,161,154,149,154,147,145,146,159,162,159,154,151,152,147,156,168,161,1
846,113,138,141,143,146,142,136,121,125,144,154,151,150,156,142,130,129,148,156,1
847,161,157,155,154,160,147,149,150,156,156,162,160,155,145,150,151,153,162,167,1
848,145,156,167,171,170,164,153,137,154,163,171,180,175,166,159,145,154,164,173,1
849,169,174,174,175,175,173,172,171,165,171,162,160,157,161,170,169,168,155,105,1
850,52,135,146,150,153,151,136,78,102,150,158,158,153,158,144,112,135,144,141,1
851,156,169,181,188,189,181,174,160,161,171,185,195,194,184,178,166,164,173,178,0
852,175,178,174,176,182,185,183,181,174,174,153,126,160,184,182,182,173,166,118,1
853,134,136,141,137,135,136,138,143,138,140,144,142,140,137,139,144,136,143,142,1
854,118,138,135,141,145,145,132,92,128,140,148,153,156,151,139,116,138,147,149,0
855,134,137,143,146,145,140,134,119,132,135,141,135,134,147,140,131,133,139,135,1
856,88,128,137,145,141,135,132,95,116,134,146,154,153,147,130,112,121,140,144,0
857,104,133,144,148,146,145,138,117,115,137,150,155,155,150,140,132,123,140,148,1
858,121,127,131,137,141,137,132,126,124,124,126,138,135,135,136,131,119,121,116,1
859,133,141,139,144,144,143,142,142,137,145,139,134,137,146,146,141,144,145,131,1
860,73,120,129,139,145,146,138,89,106,129,137,150,154,153,147,120,118,134,137,1
861,24,116,153,150,141,127,120,56,75,151,158,152,144,138,136,110,122,157,159,1
862,92,124,132,137,125,146,144,136,116,136,134,119,136,155,144,132,137,139,141,1
863,10,67,140,140,122,121,58,18,55,142,160,157,127,132,131,51,117,162,162,1
864,160,160,157,149,151,144,130,119,158,153,150,143,138,135,122,107,147,142,140,1
865,106,134,156,167,155,148,137,99,139,152,162,169,160,146,144,117,142,157,168,0
866,133,150,156,160,162,158,151,130,140,151,162,163,163,162,151,141,143,153,162,1
867,142,149,154,149,136,142,151,146,142,144,144,135,132,142,151,148,140,137,131,0
868,150,155,158,160,162,156,157,160,151,152,156,157,160,163,158,156,135,144,156,1
869,164,167,162,153,161,166,172,168,165,168,158,161,166,164,168,167,163,167,155,1
870,142,160,171,174,172,163,148,102,149,164,176,180,180,170,154,121,150,167,180,1
871,127,161,172,179,178,171,155,70,143,164,176,185,183,174,163,113,146,168,178,1
872,14,2,30,97,131,145,135,125,6,44,106,139,151,149,136,119,52,108,137,1
873,148,150,156,158,154,157,153,152,150,151,150,154,162,156,157,152,154,153,149,1
874,121,144,151,155,159,153,143,116,135,148,157,160,158,158,143,121,138,151,154,1
875,83,147,149,152,157,147,133,112,123,149,134,140,151,153,142,130,138,142,129,1
876,140,140,126,132,137,143,145,134,143,130,123,131,134,141,140,136,139,132,126,1
877,148,152,157,159,159,157,156,156,146,150,157,147,127,155,159,151,144,148,150,0
878,108,124,134,145,152,152,142,120,117,131,142,157,160,157,149,128,123,132,150,1
879,85,135,141,154,158,152,140,100,126,145,152,162,169,162,150,126,142,159,153,1
880,143,152,147,149,161,162,159,153,154,157,140,134,149,142,158,160,153,157,147,1
881,94,138,156,158,156,145,133,72,125,149,157,169,161,155,145,111,139,160,147,0
882,136,128,132,143,143,146,141,136,143,133,113,114,139,143,140,144,145,141,116,0
883,75,96,151,179,174,112,46,29,91,106,158,191,181,118,57,35,82,109,162,1
884,134,156,161,159,158,155,142,92,152,160,165,170,171,164,150,125,153,164,166,1
885,72,148,164,168,168,159,148,80,120,150,159,165,156,166,160,126,143,149,144,0
886,100,139,155,159,160,150,133,113,129,154,165,172,172,157,147,143,144,160,172,0
887,78,120,148,166,172,164,158,137,128,153,169,180,184,177,162,141,148,160,168,1
888,55,133,142,147,156,148,135,78,104,139,142,154,155,157,142,117,127,146,137,1
889,78,135,147,156,157,155,142,108,115,139,154,164,166,164,152,136,135,147,161,1
890,75,93,131,172,175,135,50,28,87,100,141,185,188,134,53,32,86,100,150,0
891,104,127,148,155,157,158,157,142,115,132,149,139,144,155,147,132,118,136,135,0
892,131,141,152,161,161,156,152,135,134,140,139,151,148,155,144,133,136,138,136,0
893,79,114,144,181,184,147,66,37,110,129,154,188,185,137,65,48,117,135,160,1
894,48,127,145,159,167,164,148,69,93,148,161,172,163,164,164,117,123,150,161,0
895,130,147,161,163,157,145,148,134,134,148,161,152,163,160,152,139,142,155,156,0
896,135,142,146,141,149,151,143,134,137,146,139,128,145,149,152,142,141,142,134,1
897,147,140,154,155,149,153,151,146,151,148,148,144,136,142,154,151,150,148,140,1
898,108,141,147,155,154,149,144,115,135,146,154,164,164,160,151,131,136,152,156,1
899,171,172,178,175,170,174,167,161,175,163,157,134,171,181,166,157,178,128,114,1
900,36,120,150,152,144,139,117,40,80,143,152,158,159,148,138,80,114,142,157,0
901,88,146,144,146,154,144,138,93,133,150,153,155,163,154,142,127,125,145,158,1
902,166,167,166,171,176,174,168,169,165,172,174,167,168,175,164,160,158,174,168,1
903,142,144,148,149,150,148,143,139,143,145,149,150,151,152,145,140,145,146,148,1
904,62,166,182,188,179,171,170,121,131,182,192,183,170,191,173,154,164,175,194,0
905,164,188,187,160,163,184,180,156,170,177,194,159,143,171,181,169,173,188,179,0
906,0,64,184,173,173,142,64,0,17,159,190,133,135,142,150,38,82,170,148,1
907,50,173,182,179,172,170,170,91,130,183,180,184,182,175,165,158,183,160,153,1
908,60,133,150,161,159,159,150,63,112,155,159,144,145,173,175,123,129,155,149,0
909,125,146,152,159,147,154,171,152,132,149,162,146,126,154,173,163,132,151,145,0
910,63,145,157,172,184,181,170,84,120,126,143,180,192,195,167,136,130,105,103,0
911,126,150,165,185,196,201,190,159,122,112,143,180,193,205,186,161,116,102,109,1
912,99,143,154,165,168,164,153,87,134,155,172,172,166,167,166,130,144,162,166,1
913,123,145,157,160,157,160,162,122,141,161,170,167,162,158,167,150,152,151,150,1
914,186,191,192,190,181,177,186,187,185,186,193,161,141,181,188,183,195,192,160,0
915,136,152,155,163,178,181,179,165,149,163,151,103,144,196,180,173,157,171,154,0
916,168,172,170,172,171,172,170,168,164,172,153,139,154,172,168,165,169,172,109,0
917,68,181,165,159,162,186,174,138,128,186,123,136,184,177,175,160,173,177,112,1
918,126,158,169,173,172,169,163,137,147,166,178,185,182,178,170,158,155,170,185,1
919,189,194,192,194,190,191,188,185,192,194,175,156,167,183,190,183,192,195,147,1
920,136,138,128,104,101,140,158,153,131,140,111,87,99,137,153,149,132,143,118,0
921,81,109,136,135,140,145,126,106,98,140,159,143,141,165,149,125,109,145,153,1
922,0,45,99,98,105,105,87,54,14,89,129,123,144,142,109,82,44,110,143,1
923,129,160,158,160,173,136,139,123,126,169,152,142,169,155,142,138,131,166,166,1
924,43,122,138,141,153,138,123,79,90,139,165,158,168,140,136,105,116,135,170,0
925,125,142,154,158,156,149,132,113,135,154,167,169,145,142,141,125,141,162,176,1
926,102,137,146,155,150,137,119,69,129,151,168,174,170,153,130,100,138,159,183,1
927,162,174,179,179,161,139,152,149,170,180,184,164,95,82,137,155,174,185,181,0
928,143,169,168,182,177,162,161,149,153,143,129,143,133,122,156,159,156,118,142,1
929,52,108,135,144,143,136,118,58,92,130,153,160,157,149,140,105,112,142,129,0
930,27,98,133,134,134,125,95,24,66,127,147,149,162,149,123,67,104,135,148,1
931,133,144,144,143,160,164,150,136,131,139,124,118,137,160,162,139,152,130,115,0
932,44,108,125,129,136,121,95,32,84,125,147,154,135,132,118,76,100,138,145,1
933,119,135,145,144,116,111,129,105,130,134,125,102,71,69,119,119,135,132,116,1
934,169,175,177,173,173,144,153,167,184,185,187,141,112,137,169,178,199,208,131,1
935,99,163,180,168,176,153,141,96,134,175,190,182,188,163,163,140,143,181,201,1
936,150,172,180,174,172,174,164,154,167,180,188,132,144,183,164,148,172,199,185,0
937,151,168,175,168,165,168,161,148,166,177,184,139,153,177,160,145,172,192,184,1
938,164,183,195,190,178,193,183,162,179,198,215,200,198,209,193,168,190,211,230,1
939,148,177,199,207,197,192,189,155,164,199,213,215,209,206,201,174,174,205,215,1
940,197,216,223,211,206,213,204,205,202,222,222,189,187,215,208,205,217,230,186,1
941,159,173,174,151,145,154,148,135,169,180,161,104,85,124,142,136,172,146,136,1
942,127,142,151,161,161,149,133,115,136,153,171,146,122,144,140,123,145,163,157,1
943,125,180,196,203,205,183,165,104,159,194,208,149,175,197,179,143,170,196,191,0
944,149,190,202,189,200,199,174,145,171,202,208,133,156,190,193,165,181,196,187,1
945,157,166,167,167,172,172,155,131,162,175,177,174,184,179,164,139,163,176,179,1
946,64,134,144,154,142,115,101,30,112,149,157,159,161,151,120,74,126,156,162,0
947,177,183,180,163,162,186,192,180,177,180,173,132,105,149,197,186,179,180,145,1
948,61,130,160,166,174,169,166,107,110,155,183,191,185,182,177,155,140,162,189,1
949,188,208,205,204,205,206,207,199,192,213,195,120,128,205,201,206,196,209,115,1
950,179,187,183,174,199,198,177,192,202,166,81,68,118,186,199,193,197,135,43,0
951,85,140,163,171,174,179,180,126,130,161,172,164,180,178,180,174,152,181,122,1
952,127,146,154,146,147,137,134,132,140,155,156,147,145,149,142,140,152,163,160,1
953,138,149,159,169,169,162,149,147,147,155,165,182,175,164,154,156,155,168,173,1
954,142,151,148,143,143,146,139,134,154,153,151,136,124,143,144,137,155,158,153,1
955,158,161,167,168,162,156,153,141,162,162,160,155,154,159,141,130,163,166,166,1
956,108,135,138,132,154,162,164,151,133,157,155,122,124,160,176,169,153,161,158,1
957,106,137,135,122,144,160,164,150,129,162,150,121,119,150,174,166,144,159,150,1
958,174,193,191,180,166,165,160,158,178,187,168,140,139,155,164,166,175,166,133,0
959,156,165,155,157,161,158,157,150,163,169,131,134,149,162,163,155,169,165,135,1
960,175,174,151,164,176,173,171,161,184,167,141,150,157,172,174,169,185,164,148,0
961,152,159,163,162,158,157,154,150,162,162,161,158,160,160,160,150,164,162,155,1
962,178,184,180,168,153,164,174,166,184,187,175,148,141,144,165,167,186,187,155,1
963,153,178,180,179,172,169,165,158,159,184,183,184,171,167,172,164,158,178,176,1
964,153,167,169,174,177,160,142,132,158,162,170,180,172,157,150,148,160,167,173,1
965,154,176,182,178,164,154,156,143,164,174,171,171,166,155,157,151,160,172,157,1
966,156,171,183,170,160,165,161,158,170,184,180,162,158,177,168,162,174,183,174,1
967,153,167,171,166,161,161,155,142,162,169,170,147,151,159,148,154,164,169,156,1
968,165,160,155,142,135,137,153,160,165,161,136,92,91,137,152,163,166,156,123,1
969,165,185,193,180,172,163,156,161,175,172,176,185,174,163,173,168,174,147,149,1
970,114,139,146,138,137,143,137,130,128,148,149,123,124,143,147,142,141,165,128,1
971,146,154,150,127,136,144,158,149,161,146,91,88,122,131,152,155,159,113,77,1
972,140,158,167,174,170,166,156,137,155,169,181,166,171,176,166,151,164,182,168,1
973,176,188,187,170,180,186,180,171,183,196,158,119,144,176,187,173,194,190,104,0
974,137,150,157,157,156,154,145,133,145,155,156,147,149,157,151,139,149,160,139,0
975,162,173,177,174,175,179,174,162,169,174,158,142,140,149,164,168,173,174,137,1
976,147,182,189,182,174,166,152,150,173,189,186,179,171,159,164,160,177,168,137,0
977,184,185,186,190,187,181,173,165,179,179,185,164,169,179,171,165,174,175,165,1
978,125,151,160,163,152,147,135,104,148,172,178,162,166,165,150,139,155,182,148,1
979,171,174,172,155,167,164,155,161,170,162,152,116,165,159,157,166,159,98,126,1
980,221,224,223,182,147,187,217,218,224,226,187,101,82,133,213,219,224,211,113,1
981,198,201,203,205,203,201,196,194,194,197,189,178,181,195,198,195,196,182,119,1
982,167,173,181,190,196,194,194,186,163,165,171,185,197,197,192,187,164,161,163,0
983,159,157,157,153,150,148,143,144,162,157,149,142,145,149,147,151,165,164,156,1
984,193,193,195,169,162,150,156,181,190,199,185,156,142,122,129,170,184,197,175,1
985,200,201,199,197,195,199,195,189,198,196,174,140,139,166,196,194,196,188,130,1
986,181,184,181,189,193,192,188,178,179,182,174,176,184,189,193,180,175,179,159,1
987,180,188,174,173,174,186,184,170,185,175,160,153,152,170,163,160,179,165,151,0
988,177,183,191,193,194,194,193,186,148,161,169,184,198,195,191,186,130,140,142,1
989,185,176,148,157,150,154,180,179,182,151,117,139,132,109,150,178,166,142,145,1
